{
  "evaluated_queries": 50,
  "retrieval_quality": {
    "mrr": 0.04666666666666666,
    "hit_at_3": 0.06,
    "hit_at_5": 0.06,
    "recall_at_3": 0.012000000000000002,
    "recall_at_5": 0.012000000000000002,
    "ndcg_at_3": 0.016041987313238602,
    "ndcg_at_5": 0.01369143627315714
  },
  "latency": {
    "end_to_end_ms": 60.3634,
    "embedding_ms": 0.0,
    "bm25_ms": 0.0,
    "hnsw_ms": 0.0,
    "rrf_ms": 0.0,
    "retrieval_total_ms": 60.281800000000004,
    "llm_generation_ms": 0.0
  }
}
