{
  "evaluated_queries": 50,
  "retrieval_quality": {
    "mrr": 0.13,
    "hit_at_3": 0.14,
    "hit_at_5": 0.18,
    "recall_at_3": 0.056333333333333326,
    "recall_at_5": 0.07033333333333333,
    "ndcg_at_3": 0.08936044384929533,
    "ndcg_at_5": 0.08644628978508344
  },
  "latency": {
    "end_to_end_ms": 72.3524,
    "embedding_ms": 48.3252,
    "baseline_ms": null,
    "bm25_ms": 15.2706,
    "hnsw_ms": 15.212,
    "rrf_ms": 0.0236,
    "retrieval_total_ms": 15.834000000000001,
    "llm_generation_ms": null
  }
}
